<?xml version="1.0" encoding="utf-8"?>
<TileMap version="1.0.0" tilemapservice="http://tms.osgeo.org/1.0.0">
<Title></Title>
<Abstract></Abstract>
<SRS>EPSG:900913</SRS>
<BoundingBox minx="74.69" miny="-80.76" maxx="82.50" maxy="-79.43"/>
<Origin x="-20037508.34278924390674" y="-20037508.34278924390674"/>
<TileFormat width="256" height="256" mime-type="image/png" extension="png"/>
<TileSets profile="global-mercator">
<TileSet href="5" units-per-pixel="4891.96981025128025" order="5"/>
<TileSet href="6" units-per-pixel="2445.98490512564013" order="6"/>
<TileSet href="7" units-per-pixel="1222.99245256282006" order="7"/>
<TileSet href="8" units-per-pixel="611.49622628141003" order="8"/>
<TileSet href="9" units-per-pixel="305.74811314070502" order="9"/>
</TileSets>
</TileMap>
