[
    {
        "id": 19,
        "login": "adrian"
    },
    {
        "id": 28,
        "login": "alex"
    },
    {
        "id": 100,
        "login": "alicia"
    },
    {
        "id": 65,
        "login": "aliya"
    },
    {
        "id": 13,
        "login": "andrew"
    },
    {
        "id": 5,
        "login": "andy"
    },
    {
        "id": 90,
        "login": "anmol"
    },
    {
        "id": 87,
        "login": "ashraf.ahmad@optimusinfo.com"
    },
    {
        "id": 15,
        "login": "becky"
    },
    {
        "id": 20,
        "login": "brandon"
    },
    {
        "id": 92,
        "login": "cameron"
    },
    {
        "id": 84,
        "login": "cecillia"
    },
    {
        "id": 24,
        "login": "chris"
    },
    {
        "id": 68,
        "login": "chrisgeisel@eventbase.com"
    },
    {
        "id": 9,
        "login": "christina"
    },
    {
        "id": 30,
        "login": "christopher"
    },
    {
        "id": 48,
        "login": "disney.locate@disney.com"
    },
    {
        "id": 11,
        "login": "eric"
    },
    {
        "id": 96,
        "login": "grace@eventbase.com"
    },
    {
        "id": 83,
        "login": "jamie@eventbase.com"
    },
    {
        "id": 53,
        "login": "jared@eventbase.com"
    },
    {
        "id": 89,
        "login": "jason.ropchan@optimusinfo.com"
    },
    {
        "id": 34,
        "login": "jasper"
    },
    {
        "id": 69,
        "login": "jeffsinclair"
    },
    {
        "id": 46,
        "login": "jenna"
    },
    {
        "id": 80,
        "login": "JJ"
    },
    {
        "id": 26,
        "login": "joelle"
    },
    {
        "id": 94,
        "login": "josh"
    },
    {
        "id": 27,
        "login": "julien"
    },
    {
        "id": 57,
        "login": "justin"
    },
    {
        "id": 91,
        "login": "kalie"
    },
    {
        "id": 73,
        "login": "Kiran"
    },
    {
        "id": 22,
        "login": "kosta"
    },
    {
        "id": 72,
        "login": "kyle"
    },
    {
        "id": 71,
        "login": "luke"
    },
    {
        "id": 60,
        "login": "mae"
    },
    {
        "id": 29,
        "login": "maggie"
    },
    {
        "id": 35,
        "login": "maibel"
    },
    {
        "id": 49,
        "login": "michael"
    },
    {
        "id": 85,
        "login": "michelle"
    },
    {
        "id": 18,
        "login": "nik"
    },
    {
        "id": 50,
        "login": "raymond"
    },
    {
        "id": 31,
        "login": "rhys"
    },
    {
        "id": 32,
        "login": "richard"
    },
    {
        "id": 56,
        "login": "ronald"
    },
    {
        "id": 4,
        "login": "ryan"
    },
    {
        "id": 95,
        "login": "sau@eventbase.com"
    },
    {
        "id": 62,
        "login": "sharon"
    },
    {
        "id": 17,
        "login": "simon"
    },
    {
        "id": 33,
        "login": "sochi_external"
    },
    {
        "id": 21,
        "login": "steph"
    },
    {
        "id": 93,
        "login": "stevereynolds"
    },
    {
        "id": 79,
        "login": "sven_ext"
    },
    {
        "id": 75,
        "login": "SWATAndroid"
    },
    {
        "id": 78,
        "login": "SWATBlue"
    },
    {
        "id": 82,
        "login": "SWATData"
    },
    {
        "id": 81,
        "login": "SWATDesign"
    },
    {
        "id": 77,
        "login": "SWATGreen"
    },
    {
        "id": 76,
        "login": "SWATIOS"
    },
    {
        "id": 74,
        "login": "SWATWeb"
    },
    {
        "id": 70,
        "login": "tarun"
    },
    {
        "id": 44,
        "login": "testclient"
    },
    {
        "id": 36,
        "login": "testuser"
    },
    {
        "id": 61,
        "login": "torrin"
    },
    {
        "id": 88,
        "login": "vikas.tuli@optimusinfo.com"
    },
    {
        "id": 67,
        "login": "WebBugPool"
    },
    {
        "id": 101,
        "login": "willem"
    },
    {
        "id": 7,
        "login": "won"
    },
    {
        "id": 64,
        "login": "xomotester"
    }
]
